{"cameraMode":{"drawMode":0,"name":"Shaded","section":"Shading Mode"},"sceneLighting":false,"audioPlay":false,"sceneViewState":{"showFog":true,"showMaterialUpdate":false,"showSkybox":false,"showFlares":true,"showImageEffects":true,"showParticleSystems":true},"in2DMode":false,"pivot":{"x":100.51280212402344,"y":371.02239990234377,"z":76.78942108154297},"rotation":{"x":0.38478603959083559,"y":0.04151396080851555,"z":-0.017327073961496354,"w":0.9219095706939697},"size":382.9648132324219,"orthographic":false}